house_id,sensor_name,link,n_frames,n_valid_frames,valid_frame_ratio,activation_lt_0_50m,activation_lt_0_20m,activation_lt_0_10m,activation_lt_0_05m,near_saturation_lt_0_05m,raw_frame_activation_lt_0_50m,raw_frame_activation_lt_0_20m,raw_frame_activation_lt_0_10m,raw_frame_activation_lt_0_05m,mean_min_depth_m,std_min_depth_m,p05_min_depth_m,p50_min_depth_m,p95_min_depth_m,min_depth_m,median_within_traj_std_m,median_frame_to_frame_abs_diff_m,success_activation_lt_0_20m,failure_activation_lt_0_20m,success_minus_failure_activation_lt_0_20m,phase_approach_n_frames,phase_approach_n_valid_frames,phase_approach_valid_frame_ratio,phase_approach_activation_lt_0_20m,phase_pregrasp_n_frames,phase_pregrasp_n_valid_frames,phase_pregrasp_valid_frame_ratio,phase_pregrasp_activation_lt_0_20m,phase_grasp_lift_n_frames,phase_grasp_lift_n_valid_frames,phase_grasp_lift_valid_frame_ratio,phase_grasp_lift_activation_lt_0_20m,phase_transit_n_frames,phase_transit_n_valid_frames,phase_transit_valid_frame_ratio,phase_transit_activation_lt_0_20m,phase_place_n_frames,phase_place_n_valid_frames,phase_place_valid_frame_ratio,phase_place_activation_lt_0_20m,phase_post_place_n_frames,phase_post_place_n_valid_frames,phase_post_place_valid_frame_ratio,phase_post_place_activation_lt_0_20m,phase_unknown_n_frames,phase_unknown_n_valid_frames,phase_unknown_valid_frame_ratio,phase_unknown_activation_lt_0_20m,phase_spread_active_phase_count,suspicious_self_sensing,suspicious_reason
house_120,link2_sensor_0,link2,276,276,1.0,1.0,0.5181159420289855,0.0,0.0,0.0,1.0,0.5181159420289855,0.0,0.0,0.20101912562613902,0.02401700252075132,0.1808195672929287,0.1990567371249199,0.23102176189422607,0.18058620393276215,0.02401700252075132,0.00021313130855560303,0.5181159420289855,,,6,6,1.0,0.0,37,37,1.0,0.7567567567567568,61,61,1.0,1.0,19,19,1.0,1.0,37,37,1.0,0.0,83,83,1.0,0.42168674698795183,33,33,1.0,0.0,4,True,activation_spread_across_many_phases
house_120,link2_sensor_1,link2,276,276,1.0,0.9963768115942029,0.0,0.0,0.0,0.0,0.9963768115942029,0.0,0.0,0.0,0.48223811539186945,0.020297525926944105,0.44838401675224304,0.48963339626789093,0.4991781413555145,0.4481680691242218,0.020297525926944105,0.0002512931823730469,0.0,,,6,6,1.0,0.0,37,37,1.0,0.0,61,61,1.0,0.0,19,19,1.0,0.0,37,37,1.0,0.0,83,83,1.0,0.0,33,33,1.0,0.0,0,False,
house_120,link2_sensor_2,link2,276,276,1.0,0.9963768115942029,0.34057971014492755,0.0,0.0,0.0,0.9963768115942029,0.34057971014492755,0.0,0.0,0.23265270132949387,0.07174436969627646,0.12845450639724731,0.2570754140615463,0.31088149547576904,0.12845264375209808,0.07174436969627646,0.0010194331407546997,0.34057971014492755,,,6,6,1.0,0.0,37,37,1.0,0.6486486486486487,61,61,1.0,0.0,19,19,1.0,0.0,37,37,1.0,0.0,83,83,1.0,0.4457831325301205,33,33,1.0,1.0,3,False,
house_120,link2_sensor_3,link2,276,276,1.0,1.0,0.0,0.0,0.0,0.0,1.0,0.0,0.0,0.0,0.43275005661922955,0.02158621073664941,0.39947501569986343,0.4355115294456482,0.4632369205355644,0.36762988567352295,0.02158621073664941,0.00027874112129211426,0.0,,,6,6,1.0,0.0,37,37,1.0,0.0,61,61,1.0,0.0,19,19,1.0,0.0,37,37,1.0,0.0,83,83,1.0,0.0,33,33,1.0,0.0,0,False,
house_120,link2_sensor_4,link2,276,276,1.0,0.9963768115942029,0.0,0.0,0.0,0.0,0.9963768115942029,0.0,0.0,0.0,0.40355197032508644,0.1873365549963533,0.21714285016059875,0.44654661417007446,0.47218865156173706,0.2171427607536316,0.1873365549963533,0.00014162063598632812,0.0,,,6,6,1.0,0.0,37,37,1.0,0.0,61,61,1.0,0.0,19,19,1.0,0.0,37,37,1.0,0.0,83,83,1.0,0.0,33,33,1.0,0.0,0,False,
house_120,link2_sensor_5,link2,276,276,1.0,0.9963768115942029,0.0,0.0,0.0,0.0,0.9963768115942029,0.0,0.0,0.0,0.38831890676764474,0.16238412177545533,0.22211697697639465,0.42468714714050293,0.4521300345659256,0.222116157412529,0.16238412177545533,0.00022417306900024414,0.0,,,6,6,1.0,0.0,37,37,1.0,0.0,61,61,1.0,0.0,19,19,1.0,0.0,37,37,1.0,0.0,83,83,1.0,0.0,33,33,1.0,0.0,0,False,
house_120,link2_sensor_6,link2,276,276,1.0,1.0,0.0036231884057971015,0.0,0.0,0.0,1.0,0.0036231884057971015,0.0,0.0,0.29973747149325797,0.06962292299476164,0.25294021517038345,0.25551149249076843,0.4349701702594757,0.1960374116897583,0.06962292299476164,0.00010254979133605957,0.0036231884057971015,,,6,6,1.0,0.16666666666666666,37,37,1.0,0.0,61,61,1.0,0.0,19,19,1.0,0.0,37,37,1.0,0.0,83,83,1.0,0.0,33,33,1.0,0.0,0,False,
house_120,link3_sensor_0,link3,276,276,1.0,0.9963768115942029,0.2463768115942029,0.0,0.0,0.0,0.9963768115942029,0.2463768115942029,0.0,0.0,0.3628439538018859,0.18555681934337862,0.10150886327028275,0.4482699781656265,0.4788739010691643,0.10150743275880814,0.18555681934337862,0.000431060791015625,0.2463768115942029,,,6,6,1.0,0.0,37,37,1.0,0.3783783783783784,61,61,1.0,0.0,19,19,1.0,0.0,37,37,1.0,0.0,83,83,1.0,0.25301204819277107,33,33,1.0,1.0,3,False,
house_120,link3_sensor_1,link3,276,276,1.0,0.9963768115942029,0.0,0.0,0.0,0.0,0.9963768115942029,0.0,0.0,0.0,0.3726309731710648,0.14030513161248298,0.2274230420589447,0.3907821327447891,0.46677612513303757,0.22742174565792084,0.14030513161248298,0.0003803372383117676,0.0,,,6,6,1.0,0.0,37,37,1.0,0.0,61,61,1.0,0.0,19,19,1.0,0.0,37,37,1.0,0.0,83,83,1.0,0.0,33,33,1.0,0.0,0,False,
house_120,link3_sensor_2,link3,276,276,1.0,0.782608695652174,0.2717391304347826,0.0,0.0,0.0,0.782608695652174,0.2717391304347826,0.0,0.0,0.35272809684924455,0.1588280106538387,0.12030129879713058,0.4210856705904007,0.5829777419567108,0.12030024826526642,0.1588280106538387,0.002414494752883911,0.2717391304347826,,,6,6,1.0,0.0,37,37,1.0,0.3783783783783784,61,61,1.0,0.0,19,19,1.0,0.0,37,37,1.0,0.0,83,83,1.0,0.3373493975903614,33,33,1.0,1.0,3,False,
house_120,link3_sensor_3,link3,276,276,1.0,0.9963768115942029,0.18478260869565216,0.0,0.0,0.0,0.9963768115942029,0.18478260869565216,0.0,0.0,0.3476068395851315,0.19321692352596953,0.1316184252500534,0.3774431496858597,0.4295193925499916,0.1316167712211609,0.19321692352596953,0.00048604607582092285,0.18478260869565216,,,6,6,1.0,0.0,37,37,1.0,0.16216216216216217,61,61,1.0,0.0,19,19,1.0,0.0,37,37,1.0,0.0,83,83,1.0,0.14457831325301204,33,33,1.0,1.0,1,False,
house_120,link3_sensor_4,link3,276,276,1.0,0.9963768115942029,0.2644927536231884,0.18840579710144928,0.0,0.0,0.9963768115942029,0.2644927536231884,0.18840579710144928,0.0,0.30966680657550477,0.1782282227609837,0.061273593455553055,0.3814251571893692,0.4084964916110039,0.06127302348613739,0.1782282227609837,0.0005935132503509521,0.2644927536231884,,,6,6,1.0,0.0,37,37,1.0,0.43243243243243246,61,61,1.0,0.0,19,19,1.0,0.0,37,37,1.0,0.0,83,83,1.0,0.2891566265060241,33,33,1.0,1.0,3,False,
house_120,link3_sensor_5,link3,276,276,1.0,0.9963768115942029,0.25,0.0,0.0,0.0,0.9963768115942029,0.25,0.0,0.0,0.31378134245565836,0.11538178832457557,0.11495368927717209,0.3770650327205658,0.4098818302154541,0.11495364457368851,0.11538178832457557,0.0006011724472045898,0.25,,,6,6,1.0,0.0,37,37,1.0,0.40540540540540543,61,61,1.0,0.0,19,19,1.0,0.0,37,37,1.0,0.0,83,83,1.0,0.25301204819277107,33,33,1.0,1.0,3,False,
house_120,link3_sensor_6,link3,276,276,1.0,0.9963768115942029,0.34782608695652173,0.213768115942029,0.0,0.0,0.9963768115942029,0.34782608695652173,0.213768115942029,0.0,0.24786040130192818,0.11577552857262088,0.07024244219064713,0.3024272173643112,0.36244622617959976,0.0702420249581337,0.11577552857262088,0.0019016265869140625,0.34782608695652173,,,6,6,1.0,0.0,37,37,1.0,0.6486486486486487,61,61,1.0,0.0,19,19,1.0,0.0,37,37,1.0,0.0,83,83,1.0,0.46987951807228917,33,33,1.0,1.0,3,False,
house_120,link3_sensor_7,link3,276,276,1.0,0.9420289855072463,0.0,0.0,0.0,0.0,0.9420289855072463,0.0,0.0,0.0,0.30694995577568596,0.10796791821070928,0.21473510190844536,0.2493705004453659,0.5089592337608337,0.21415209770202637,0.10796791821070928,4.191696643829346e-05,0.0,,,6,6,1.0,0.0,37,37,1.0,0.0,61,61,1.0,0.0,19,19,1.0,0.0,37,37,1.0,0.0,83,83,1.0,0.0,33,33,1.0,0.0,0,False,
house_120,link5_sensor_0,link5,276,276,1.0,0.9963768115942029,0.0,0.0,0.0,0.0,0.9963768115942029,0.0,0.0,0.0,0.3710163613592369,0.12698306550243496,0.295941099524498,0.3695587068796158,0.4231615662574768,0.2956475615501404,0.12698306550243496,0.0006607174873352051,0.0,,,6,6,1.0,0.0,37,37,1.0,0.0,61,61,1.0,0.0,19,19,1.0,0.0,37,37,1.0,0.0,83,83,1.0,0.0,33,33,1.0,0.0,0,False,
house_120,link5_sensor_1,link5,276,276,1.0,0.9963768115942029,0.0,0.0,0.0,0.0,0.9963768115942029,0.0,0.0,0.0,0.33580498122002767,0.13945604538038797,0.22377924993634224,0.36210209131240845,0.39614441990852356,0.22349926829338074,0.13945604538038797,0.0004654228687286377,0.0,,,6,6,1.0,0.0,37,37,1.0,0.0,61,61,1.0,0.0,19,19,1.0,0.0,37,37,1.0,0.0,83,83,1.0,0.0,33,33,1.0,0.0,0,False,
house_120,link5_sensor_2,link5,276,276,1.0,0.9963768115942029,0.0,0.0,0.0,0.0,0.9963768115942029,0.0,0.0,0.0,0.36322492998147354,0.12584508677494272,0.2659987360239029,0.3795941025018692,0.4167141914367676,0.2656410336494446,0.12584508677494272,0.000593721866607666,0.0,,,6,6,1.0,0.0,37,37,1.0,0.0,61,61,1.0,0.0,19,19,1.0,0.0,37,37,1.0,0.0,83,83,1.0,0.0,33,33,1.0,0.0,0,False,
house_120,link5_sensor_3,link5,276,276,1.0,0.9963768115942029,0.21739130434782608,0.0,0.0,0.0,0.9963768115942029,0.21739130434782608,0.0,0.0,0.30216872378967813,0.08130001747245014,0.19447440654039383,0.3387312740087509,0.3621128499507904,0.19375403225421906,0.08130001747245014,0.00045245885848999023,0.21739130434782608,,,6,6,1.0,0.0,37,37,1.0,0.0,61,61,1.0,0.9836065573770492,19,19,1.0,0.0,37,37,1.0,0.0,83,83,1.0,0.0,33,33,1.0,0.0,1,False,
house_120,link5_sensor_4,link5,276,276,1.0,0.9963768115942029,0.0,0.0,0.0,0.0,0.9963768115942029,0.0,0.0,0.0,0.31798017089781555,0.11826914077929965,0.2256072424352169,0.3390492647886276,0.36124885082244873,0.22101448476314545,0.11826914077929965,0.0004755556583404541,0.0,,,6,6,1.0,0.0,37,37,1.0,0.0,61,61,1.0,0.0,19,19,1.0,0.0,37,37,1.0,0.0,83,83,1.0,0.0,33,33,1.0,0.0,0,False,
house_120,link5_sensor_5,link5,276,276,1.0,0.9963768115942029,0.0,0.0,0.0,0.0,0.9963768115942029,0.0,0.0,0.0,0.3497629143513631,0.1330011970709155,0.24032721668481827,0.37720197439193726,0.40762344002723694,0.24011197686195374,0.1330011970709155,0.000466957688331604,0.0,,,6,6,1.0,0.0,37,37,1.0,0.0,61,61,1.0,0.0,19,19,1.0,0.0,37,37,1.0,0.0,83,83,1.0,0.0,33,33,1.0,0.0,0,False,
house_120,link6_sensor_0,link6,276,276,1.0,0.0036231884057971015,0.0,0.0,0.0,0.0,0.0036231884057971015,0.0,0.0,0.0,1.6370158953511196,0.47235566475543206,1.0568965673446655,1.9096136689186096,2.1653056144714355,0.2276439070701599,0.47235566475543206,0.0017908811569213867,0.0,,,6,6,1.0,0.0,37,37,1.0,0.0,61,61,1.0,0.0,19,19,1.0,0.0,37,37,1.0,0.0,83,83,1.0,0.0,33,33,1.0,0.0,0,False,
house_120,link6_sensor_1,link6,276,276,1.0,0.0036231884057971015,0.0,0.0,0.0,0.0,0.0036231884057971015,0.0,0.0,0.0,0.9808781885582468,0.22413691625150656,0.7065740674734116,0.8914466500282288,1.3377840518951416,0.30308258533477783,0.22413691625150656,0.0036164522171020508,0.0,,,6,6,1.0,0.0,37,37,1.0,0.0,61,61,1.0,0.0,19,19,1.0,0.0,37,37,1.0,0.0,83,83,1.0,0.0,33,33,1.0,0.0,0,False,
house_120,link6_sensor_2,link6,276,276,1.0,0.286231884057971,0.0,0.0,0.0,0.0,0.286231884057971,0.0,0.0,0.0,0.8307062466291414,0.33306902300030233,0.3717152550816536,0.8904150128364563,1.263280600309372,0.3700605630874634,0.33306902300030233,0.002021580934524536,0.0,,,6,6,1.0,0.0,37,37,1.0,0.0,61,61,1.0,0.0,19,19,1.0,0.0,37,37,1.0,0.0,83,83,1.0,0.0,33,33,1.0,0.0,0,False,
house_120,link6_sensor_3,link6,276,276,1.0,0.9963768115942029,0.0,0.0,0.0,0.0,0.9963768115942029,0.0,0.0,0.0,0.3587247164029142,0.08509476653902291,0.23570365831255913,0.40359704196453094,0.4203190505504608,0.2344396710395813,0.08509476653902291,0.0004564821720123291,0.0,,,6,6,1.0,0.0,37,37,1.0,0.0,61,61,1.0,0.0,19,19,1.0,0.0,37,37,1.0,0.0,83,83,1.0,0.0,33,33,1.0,0.0,0,False,
house_120,link6_sensor_4,link6,276,276,1.0,0.7101449275362319,0.10869565217391304,0.0,0.0,0.0,0.7101449275362319,0.10869565217391304,0.0,0.0,0.4045350219298532,0.1399436671498568,0.12688344344496727,0.4735816717147827,0.5410927385091782,0.12373094260692596,0.1399436671498568,0.0007617026567459106,0.10869565217391304,,,6,6,1.0,0.0,37,37,1.0,0.0,61,61,1.0,0.4918032786885246,19,19,1.0,0.0,37,37,1.0,0.0,83,83,1.0,0.0,33,33,1.0,0.0,1,False,
house_120,link6_sensor_5,link6,276,276,1.0,0.2898550724637681,0.10144927536231885,0.10144927536231885,0.0,0.0,0.2898550724637681,0.10144927536231885,0.10144927536231885,0.0,0.7917313405946977,0.38399959318437765,0.057585024274885654,0.8859965801239014,1.2630714774131775,0.0553322471678257,0.38399959318437765,0.0027300119400024414,0.10144927536231885,,,6,6,1.0,0.0,37,37,1.0,0.0,61,61,1.0,0.45901639344262296,19,19,1.0,0.0,37,37,1.0,0.0,83,83,1.0,0.0,33,33,1.0,0.0,1,False,
house_120,link6_sensor_6,link6,276,276,1.0,0.0036231884057971015,0.0,0.0,0.0,0.0,0.0036231884057971015,0.0,0.0,0.0,1.0893603554670361,0.16492233975321816,0.8694105893373489,1.1478536128997803,1.3095136880874634,0.26044148206710815,0.16492233975321816,0.002407968044281006,0.0,,,6,6,1.0,0.0,37,37,1.0,0.0,61,61,1.0,0.0,19,19,1.0,0.0,37,37,1.0,0.0,83,83,1.0,0.0,33,33,1.0,0.0,0,False,
house_120,link6_sensor_7,link6,276,276,1.0,0.9963768115942029,0.0,0.0,0.0,0.0,0.9963768115942029,0.0,0.0,0.0,0.363584546831207,0.1398042764964122,0.23768030852079391,0.40130122005939484,0.4230930879712105,0.23625707626342773,0.1398042764964122,0.00048467516899108887,0.0,,,6,6,1.0,0.0,37,37,1.0,0.0,61,61,1.0,0.0,19,19,1.0,0.0,37,37,1.0,0.0,83,83,1.0,0.0,33,33,1.0,0.0,0,False,
house_280,link2_sensor_0,link2,255,254,0.996078431372549,0.35826771653543305,0.0,0.0,0.0,0.0,0.3607843137254902,0.00392156862745098,0.00392156862745098,0.00392156862745098,0.6353215000291509,0.24952864862649649,0.28613221645355225,0.8055598735809326,0.8427511900663376,0.28613218665122986,0.24952864862649649,0.0006543397903442383,0.0,,,6,5,0.8333333333333334,0.0,36,36,1.0,0.0,58,58,1.0,0.0,16,16,1.0,0.0,23,23,1.0,0.0,83,83,1.0,0.0,33,33,1.0,0.0,0,False,
house_280,link2_sensor_1,link2,255,254,0.996078431372549,0.0,0.0,0.0,0.0,0.0,0.00392156862745098,0.00392156862745098,0.00392156862745098,0.00392156862745098,1.5084555257023788,0.1233089232947404,1.2708191871643066,1.571689784526825,1.6140654027462005,1.2708171606063843,0.1233089232947404,0.0009349584579467773,0.0,,,6,5,0.8333333333333334,0.0,36,36,1.0,0.0,58,58,1.0,0.0,16,16,1.0,0.0,23,23,1.0,0.0,83,83,1.0,0.0,33,33,1.0,0.0,0,False,
house_280,link2_sensor_2,link2,255,254,0.996078431372549,0.0,0.0,0.0,0.0,0.0,0.00392156862745098,0.00392156862745098,0.00392156862745098,0.00392156862745098,0.8185394601089748,0.04069901473142433,0.7787976294755936,0.7983068227767944,0.8935766994953156,0.7773146629333496,0.04069901473142433,0.0007644891738891602,0.0,,,6,5,0.8333333333333334,0.0,36,36,1.0,0.0,58,58,1.0,0.0,16,16,1.0,0.0,23,23,1.0,0.0,83,83,1.0,0.0,33,33,1.0,0.0,0,False,
house_280,link2_sensor_3,link2,255,254,0.996078431372549,0.29133858267716534,0.0,0.0,0.0,0.0,0.29411764705882354,0.00392156862745098,0.00392156862745098,0.00392156862745098,1.121797714646407,0.45057071108657765,0.45143782794475557,1.2536433339118958,1.561485767364502,0.4083160161972046,0.45057071108657765,0.0014245212078094482,0.0,,,6,5,0.8333333333333334,0.0,36,36,1.0,0.0,58,58,1.0,0.0,16,16,1.0,0.0,23,23,1.0,0.0,83,83,1.0,0.0,33,33,1.0,0.0,0,False,
house_280,link2_sensor_4,link2,255,254,0.996078431372549,0.0,0.0,0.0,0.0,0.0,0.00392156862745098,0.00392156862745098,0.00392156862745098,0.00392156862745098,1.097510693110819,0.19142574682013908,0.8285128474235535,1.1784077882766724,1.327574998140335,0.8285125494003296,0.19142574682013908,0.0029467344284057617,0.0,,,6,5,0.8333333333333334,0.0,36,36,1.0,0.0,58,58,1.0,0.0,16,16,1.0,0.0,23,23,1.0,0.0,83,83,1.0,0.0,33,33,1.0,0.0,0,False,
house_280,link2_sensor_5,link2,255,254,0.996078431372549,0.0,0.0,0.0,0.0,0.0,0.00392156862745098,0.00392156862745098,0.00392156862745098,0.00392156862745098,1.124932650975355,0.2100248380099891,0.8513256311416626,1.1713183522224426,1.451603651046753,0.8513246178627014,0.2100248380099891,0.004315018653869629,0.0,,,6,5,0.8333333333333334,0.0,36,36,1.0,0.0,58,58,1.0,0.0,16,16,1.0,0.0,23,23,1.0,0.0,83,83,1.0,0.0,33,33,1.0,0.0,0,False,
house_280,link2_sensor_6,link2,255,254,0.996078431372549,0.9881889763779528,0.003937007874015748,0.003937007874015748,0.0,0.0,0.9882352941176471,0.00784313725490196,0.00784313725490196,0.00392156862745098,0.3255807618632561,0.09185598631888581,0.252913036942482,0.29308024048805237,0.4364319071173668,0.06213786453008652,0.09185598631888581,0.0003026723861694336,0.003937007874015748,,,6,5,0.8333333333333334,0.0,36,36,1.0,0.0,58,58,1.0,0.0,16,16,1.0,0.0,23,23,1.0,0.0,83,83,1.0,0.012048192771084338,33,33,1.0,0.0,0,False,
house_280,link3_sensor_0,link3,255,254,0.996078431372549,0.0,0.0,0.0,0.0,0.0,0.00392156862745098,0.00392156862745098,0.00392156862745098,0.00392156862745098,0.9519087341357404,0.15386006005487524,0.7364689111709595,1.0116693377494812,1.1636439383029937,0.7364667057991028,0.15386006005487524,0.0030211210250854492,0.0,,,6,5,0.8333333333333334,0.0,36,36,1.0,0.0,58,58,1.0,0.0,16,16,1.0,0.0,23,23,1.0,0.0,83,83,1.0,0.0,33,33,1.0,0.0,0,False,
house_280,link3_sensor_1,link3,255,254,0.996078431372549,0.0,0.0,0.0,0.0,0.0,0.00392156862745098,0.00392156862745098,0.00392156862745098,0.00392156862745098,1.2388401439809424,0.20203812619405476,0.9399034380912781,1.2916118502616882,1.4972778737545014,0.9399025440216064,0.20203812619405476,0.001722872257232666,0.0,,,6,5,0.8333333333333334,0.0,36,36,1.0,0.0,58,58,1.0,0.0,16,16,1.0,0.0,23,23,1.0,0.0,83,83,1.0,0.0,33,33,1.0,0.0,0,False,
house_280,link3_sensor_2,link3,255,254,0.996078431372549,0.0,0.0,0.0,0.0,0.0,0.00392156862745098,0.00392156862745098,0.00392156862745098,0.00392156862745098,1.584897375012946,0.4231629824036482,1.131520503759384,1.5608712434768677,2.439567863941192,1.1299610137939453,0.4231629824036482,0.0059680938720703125,0.0,,,6,5,0.8333333333333334,0.0,36,36,1.0,0.0,58,58,1.0,0.0,16,16,1.0,0.0,23,23,1.0,0.0,83,83,1.0,0.0,33,33,1.0,0.0,0,False,
house_280,link3_sensor_3,link3,255,254,0.996078431372549,0.0,0.0,0.0,0.0,0.0,0.00392156862745098,0.00392156862745098,0.00392156862745098,0.00392156862745098,1.2409655550333458,0.2561699463871762,0.8347947597503662,1.3739854097366333,1.5237032651901246,0.8347916007041931,0.2561699463871762,0.001614212989807129,0.0,,,6,5,0.8333333333333334,0.0,36,36,1.0,0.0,58,58,1.0,0.0,16,16,1.0,0.0,23,23,1.0,0.0,83,83,1.0,0.0,33,33,1.0,0.0,0,False,
house_280,link3_sensor_4,link3,255,254,0.996078431372549,0.0,0.0,0.0,0.0,0.0,0.00392156862745098,0.00392156862745098,0.00392156862745098,0.00392156862745098,0.9026544877863306,0.1632929859482184,0.685817301273346,0.9338413178920746,1.1705216705799102,0.6858157515525818,0.1632929859482184,0.0036069154739379883,0.0,,,6,5,0.8333333333333334,0.0,36,36,1.0,0.0,58,58,1.0,0.0,16,16,1.0,0.0,23,23,1.0,0.0,83,83,1.0,0.0,33,33,1.0,0.0,0,False,
house_280,link3_sensor_5,link3,255,254,0.996078431372549,0.0,0.0,0.0,0.0,0.0,0.00392156862745098,0.00392156862745098,0.00392156862745098,0.00392156862745098,0.880459608994131,0.0754195227577514,0.7908183306455612,0.8940518796443939,0.9794004470109939,0.7845999002456665,0.0754195227577514,0.000684201717376709,0.0,,,6,5,0.8333333333333334,0.0,36,36,1.0,0.0,58,58,1.0,0.0,16,16,1.0,0.0,23,23,1.0,0.0,83,83,1.0,0.0,33,33,1.0,0.0,0,False,
house_280,link3_sensor_6,link3,255,254,0.996078431372549,0.0,0.0,0.0,0.0,0.0,0.00392156862745098,0.00392156862745098,0.00392156862745098,0.00392156862745098,0.8108388671255488,0.07689895735290901,0.7131460309028625,0.8180019855499268,0.9319597780704498,0.7131397128105164,0.07689895735290901,0.0013082623481750488,0.0,,,6,5,0.8333333333333334,0.0,36,36,1.0,0.0,58,58,1.0,0.0,16,16,1.0,0.0,23,23,1.0,0.0,83,83,1.0,0.0,33,33,1.0,0.0,0,False,
house_280,link3_sensor_7,link3,255,254,0.996078431372549,0.6417322834645669,0.0,0.0,0.0,0.0,0.6431372549019608,0.00392156862745098,0.00392156862745098,0.00392156862745098,0.3701220655183154,0.13955421319133632,0.21387616246938707,0.24952782690525055,0.5507788956165314,0.21306034922599792,0.13955421319133632,0.00017964839935302734,0.0,,,6,5,0.8333333333333334,0.0,36,36,1.0,0.0,58,58,1.0,0.0,16,16,1.0,0.0,23,23,1.0,0.0,83,83,1.0,0.0,33,33,1.0,0.0,0,False,
house_280,link5_sensor_0,link5,255,254,0.996078431372549,0.003937007874015748,0.003937007874015748,0.003937007874015748,0.0,0.0,0.00784313725490196,0.00784313725490196,0.00784313725490196,0.00392156862745098,1.015323366793826,0.09691973034201737,0.910477340221405,1.0415883660316467,1.1095617055892943,0.06213786453008652,0.09691973034201737,0.0009876489639282227,0.003937007874015748,,,6,5,0.8333333333333334,0.0,36,36,1.0,0.027777777777777776,58,58,1.0,0.0,16,16,1.0,0.0,23,23,1.0,0.0,83,83,1.0,0.0,33,33,1.0,0.0,0,False,
house_280,link5_sensor_1,link5,255,254,0.996078431372549,0.0,0.0,0.0,0.0,0.0,0.00392156862745098,0.00392156862745098,0.00392156862745098,0.00392156862745098,1.0960831923747625,0.07361003556847008,0.987657368183136,1.1239258646965027,1.1747265696525573,0.9876548051834106,0.07361003556847008,0.0010638236999511719,0.0,,,6,5,0.8333333333333334,0.0,36,36,1.0,0.0,58,58,1.0,0.0,16,16,1.0,0.0,23,23,1.0,0.0,83,83,1.0,0.0,33,33,1.0,0.0,0,False,
house_280,link5_sensor_2,link5,255,254,0.996078431372549,0.0,0.0,0.0,0.0,0.0,0.00392156862745098,0.00392156862745098,0.00392156862745098,0.00392156862745098,1.1067653441523004,0.10341283841396591,0.9468454718589783,1.1551459431648254,1.2421387612819672,0.9468451738357544,0.10341283841396591,0.0013036727905273438,0.0,,,6,5,0.8333333333333334,0.0,36,36,1.0,0.0,58,58,1.0,0.0,16,16,1.0,0.0,23,23,1.0,0.0,83,83,1.0,0.0,33,33,1.0,0.0,0,False,
house_280,link5_sensor_3,link5,255,254,0.996078431372549,0.3346456692913386,0.11023622047244094,0.0,0.0,0.0,0.33725490196078434,0.11372549019607843,0.00392156862745098,0.00392156862745098,0.9565756759774966,0.4952478993767051,0.16693903058767318,1.24430513381958,1.3552567183971405,0.16617009043693542,0.4952478993767051,0.0017601251602172852,0.11023622047244094,,,6,5,0.8333333333333334,0.0,36,36,1.0,0.0,58,58,1.0,0.4827586206896552,16,16,1.0,0.0,23,23,1.0,0.0,83,83,1.0,0.0,33,33,1.0,0.0,1,False,
house_280,link5_sensor_4,link5,255,254,0.996078431372549,0.0,0.0,0.0,0.0,0.0,0.00392156862745098,0.00392156862745098,0.00392156862745098,0.00392156862745098,1.1507776487530685,0.0829940400646096,1.017558217048645,1.167611539363861,1.2587056636810303,1.0175570249557495,0.0829940400646096,0.0013728141784667969,0.0,,,6,5,0.8333333333333334,0.0,36,36,1.0,0.0,58,58,1.0,0.0,16,16,1.0,0.0,23,23,1.0,0.0,83,83,1.0,0.0,33,33,1.0,0.0,0,False,
house_280,link5_sensor_5,link5,255,254,0.996078431372549,0.0,0.0,0.0,0.0,0.0,0.00392156862745098,0.00392156862745098,0.00392156862745098,0.00392156862745098,1.1186104322981647,0.07373960716277732,1.009352207183838,1.152073621749878,1.2067083656787871,1.009352207183838,0.07373960716277732,0.0014581680297851562,0.0,,,6,5,0.8333333333333334,0.0,36,36,1.0,0.0,58,58,1.0,0.0,16,16,1.0,0.0,23,23,1.0,0.0,83,83,1.0,0.0,33,33,1.0,0.0,0,False,
house_280,link6_sensor_0,link6,255,254,0.996078431372549,0.31496062992125984,0.0,0.0,0.0,0.0,0.3176470588235294,0.00392156862745098,0.00392156862745098,0.00392156862745098,0.5480815729522329,0.09574124305988212,0.4279940456151962,0.5239877998828888,0.6945770382881165,0.42668333649635315,0.09574124305988212,0.0009948015213012695,0.0,,,6,5,0.8333333333333334,0.0,36,36,1.0,0.0,58,58,1.0,0.0,16,16,1.0,0.0,23,23,1.0,0.0,83,83,1.0,0.0,33,33,1.0,0.0,0,False,
house_280,link6_sensor_1,link6,255,254,0.996078431372549,0.2992125984251969,0.0,0.0,0.0,0.0,0.30196078431372547,0.00392156862745098,0.00392156862745098,0.00392156862745098,0.5555559548102026,0.08395480820730632,0.44470293670892713,0.5457732379436493,0.6802722811698914,0.4437308609485626,0.08395480820730632,0.001001894474029541,0.0,,,6,5,0.8333333333333334,0.0,36,36,1.0,0.0,58,58,1.0,0.0,16,16,1.0,0.0,23,23,1.0,0.0,83,83,1.0,0.0,33,33,1.0,0.0,0,False,
house_280,link6_sensor_2,link6,255,254,0.996078431372549,0.1889763779527559,0.0,0.0,0.0,0.0,0.19215686274509805,0.00392156862745098,0.00392156862745098,0.00392156862745098,0.5730489009008632,0.0806404756959337,0.4761797934770584,0.5408578217029572,0.7062283754348755,0.4713819921016693,0.0806404756959337,0.0012192726135253906,0.0,,,6,5,0.8333333333333334,0.0,36,36,1.0,0.0,58,58,1.0,0.0,16,16,1.0,0.0,23,23,1.0,0.0,83,83,1.0,0.0,33,33,1.0,0.0,0,False,
house_280,link6_sensor_3,link6,255,254,0.996078431372549,0.0,0.0,0.0,0.0,0.0,0.00392156862745098,0.00392156862745098,0.00392156862745098,0.00392156862745098,1.3341778422903827,0.08915864224497723,1.1980078220367432,1.391345500946045,1.4155721724033357,1.1962125301361084,0.08915864224497723,0.0003504753112792969,0.0,,,6,5,0.8333333333333334,0.0,36,36,1.0,0.0,58,58,1.0,0.0,16,16,1.0,0.0,23,23,1.0,0.0,83,83,1.0,0.0,33,33,1.0,0.0,0,False,
house_280,link6_sensor_4,link6,255,254,0.996078431372549,0.0,0.0,0.0,0.0,0.0,0.00392156862745098,0.00392156862745098,0.00392156862745098,0.00392156862745098,0.8312798090807096,0.129460029170658,0.6648044615983963,0.8347020447254181,1.041890263557434,0.6549047827720642,0.129460029170658,0.0020858049392700195,0.0,,,6,5,0.8333333333333334,0.0,36,36,1.0,0.0,58,58,1.0,0.0,16,16,1.0,0.0,23,23,1.0,0.0,83,83,1.0,0.0,33,33,1.0,0.0,0,False,
house_280,link6_sensor_5,link6,255,254,0.996078431372549,0.2874015748031496,0.0,0.0,0.0,0.0,0.2901960784313726,0.00392156862745098,0.00392156862745098,0.00392156862745098,0.5700019697739384,0.09114142374324495,0.46374177783727644,0.531302809715271,0.7203038334846497,0.4592069089412689,0.09114142374324495,0.0010905265808105469,0.0,,,6,5,0.8333333333333334,0.0,36,36,1.0,0.0,58,58,1.0,0.0,16,16,1.0,0.0,23,23,1.0,0.0,83,83,1.0,0.0,33,33,1.0,0.0,0,False,
house_280,link6_sensor_6,link6,255,254,0.996078431372549,0.3031496062992126,0.0,0.0,0.0,0.0,0.3058823529411765,0.00392156862745098,0.00392156862745098,0.00392156862745098,0.5632030445290362,0.10368920440827838,0.4361868679523468,0.531743198633194,0.7277879118919373,0.4356357157230377,0.10368920440827838,0.0009629130363464355,0.0,,,6,5,0.8333333333333334,0.0,36,36,1.0,0.0,58,58,1.0,0.0,16,16,1.0,0.0,23,23,1.0,0.0,83,83,1.0,0.0,33,33,1.0,0.0,0,False,
house_280,link6_sensor_7,link6,255,254,0.996078431372549,0.0,0.0,0.0,0.0,0.0,0.00392156862745098,0.00392156862745098,0.00392156862745098,0.00392156862745098,1.3145242328718891,0.06023970354640436,1.2169793844223022,1.3138054013252258,1.402358990907669,1.2169785499572754,0.06023970354640436,0.0011107921600341797,0.0,,,6,5,0.8333333333333334,0.0,36,36,1.0,0.0,58,58,1.0,0.0,16,16,1.0,0.0,23,23,1.0,0.0,83,83,1.0,0.0,33,33,1.0,0.0,0,False,
